System	CPUs	Memory	Scale	Query	Time
DuckDB	32	128	64	1	0.7682859897613525
DuckDB	32	128	64	2	0.22497797012329102
DuckDB	32	128	64	3	2.1802942752838135
DuckDB	32	128	64	4	2.207942485809326
DuckDB	32	128	64	5	1.6348650455474854
DuckDB	32	128	64	6	0.3299691677093506
DuckDB	32	128	64	7	4.128052234649658
DuckDB	32	128	64	8	1.0188517570495605
DuckDB	32	128	64	9	4.1724348068237305
DuckDB	32	128	64	10	3.116734027862549
DuckDB	32	128	64	11	0.0989534854888916
DuckDB	32	128	64	12	1.3899245262145996
DuckDB	32	128	64	13	2.513361930847168
DuckDB	32	128	64	14	1.402989149093628
DuckDB	32	128	64	15	1.5915634632110596
DuckDB	32	128	64	16	0.4374969005584717
DuckDB	32	128	64	17	16.255475997924805
DuckDB	32	128	64	18	6.782642841339111
DuckDB	32	128	64	19	1.9911117553710938
DuckDB	32	128	64	20	2.1425254344940186
DuckDB	32	128	64	21	7.924387216567993
DuckDB	32	128	64	22	0.7015182971954346
DuckDB	32	128	64	1	1.3812007904052734
DuckDB	32	128	64	2	0.2431473731994629
DuckDB	32	128	64	3	2.136366128921509
DuckDB	32	128	64	4	2.131336212158203
DuckDB	32	128	64	5	1.4974040985107422
DuckDB	32	128	64	6	0.3400306701660156
DuckDB	32	128	64	7	3.831087350845337
DuckDB	32	128	64	8	1.0370678901672363
DuckDB	32	128	64	9	4.310581207275391
DuckDB	32	128	64	10	2.878708600997925
DuckDB	32	128	64	11	0.12986278533935547
DuckDB	32	128	64	12	1.416229248046875
DuckDB	32	128	64	13	2.531339406967163
DuckDB	32	128	64	14	1.469954013824463
DuckDB	32	128	64	15	1.371300220489502
DuckDB	32	128	64	16	0.3860197067260742
DuckDB	32	128	64	17	18.660884141921997
DuckDB	32	128	64	18	6.421586275100708
DuckDB	32	128	64	19	1.688598871231079
DuckDB	32	128	64	20	2.3641932010650635
DuckDB	32	128	64	21	9.177516460418701
DuckDB	32	128	64	22	0.6418595314025879
DuckDB	32	128	64	1	1.3852148056030273
DuckDB	32	128	64	2	0.25582098960876465
DuckDB	32	128	64	3	2.0427939891815186
DuckDB	32	128	64	4	1.9751381874084473
DuckDB	32	128	64	5	1.570213794708252
DuckDB	32	128	64	6	0.3837442398071289
DuckDB	32	128	64	7	3.885526180267334
DuckDB	32	128	64	8	1.011152982711792
DuckDB	32	128	64	9	4.360416889190674
DuckDB	32	128	64	10	2.789194107055664
DuckDB	32	128	64	11	0.10058069229125977
DuckDB	32	128	64	12	1.5104420185089111
DuckDB	32	128	64	13	2.6405415534973145
DuckDB	32	128	64	14	1.460827112197876
DuckDB	32	128	64	15	1.489234447479248
DuckDB	32	128	64	16	0.3301393985748291
DuckDB	32	128	64	17	15.919389247894287
DuckDB	32	128	64	18	7.957582712173462
DuckDB	32	128	64	19	1.9027583599090576
DuckDB	32	128	64	20	2.3998727798461914
DuckDB	32	128	64	21	8.793044567108154
DuckDB	32	128	64	22	0.5800065994262695
Hyper	32	128	64	1	0.658611536026001
Hyper	32	128	64	2	0.11083555221557617
Hyper	32	128	64	3	0.5851554870605469
Hyper	32	128	64	4	0.4192361831665039
Hyper	32	128	64	5	0.5142543315887451
Hyper	32	128	64	6	0.026400327682495117
Hyper	32	128	64	7	0.5929121971130371
Hyper	32	128	64	8	0.28550052642822266
Hyper	32	128	64	9	1.5536940097808838
Hyper	32	128	64	10	0.9065656661987305
Hyper	32	128	64	11	0.11393427848815918
Hyper	32	128	64	12	0.26950573921203613
Hyper	32	128	64	13	3.494304895401001
Hyper	32	128	64	14	0.2502918243408203
Hyper	32	128	64	15	0.17322969436645508
Hyper	32	128	64	16	0.44742608070373535
Hyper	32	128	64	17	0.3310058116912842
Hyper	32	128	64	18	1.769667625427246
Hyper	32	128	64	19	0.3783426284790039
Hyper	32	128	64	20	0.15538787841796875
Hyper	32	128	64	21	1.0904171466827393
Hyper	32	128	64	22	0.3271462917327881
Hyper	32	128	64	1	0.5752272605895996
Hyper	32	128	64	2	0.07033252716064453
Hyper	32	128	64	3	0.4802894592285156
Hyper	32	128	64	4	0.37453746795654297
Hyper	32	128	64	5	0.46227025985717773
Hyper	32	128	64	6	0.023482799530029297
Hyper	32	128	64	7	0.5707306861877441
Hyper	32	128	64	8	0.2869393825531006
Hyper	32	128	64	9	1.6250004768371582
Hyper	32	128	64	10	0.47524380683898926
Hyper	32	128	64	11	0.06692910194396973
Hyper	32	128	64	12	0.15179085731506348
Hyper	32	128	64	13	2.7482805252075195
Hyper	32	128	64	14	0.1486952304840088
Hyper	32	128	64	15	0.1351773738861084
Hyper	32	128	64	16	0.36487483978271484
Hyper	32	128	64	17	0.2927713394165039
Hyper	32	128	64	18	1.7370624542236328
Hyper	32	128	64	19	0.32366394996643066
Hyper	32	128	64	20	0.12798452377319336
Hyper	32	128	64	21	0.9939868450164795
Hyper	32	128	64	22	0.32448840141296387
Hyper	32	128	64	1	0.5765933990478516
Hyper	32	128	64	2	0.07039070129394531
Hyper	32	128	64	3	0.4881865978240967
Hyper	32	128	64	4	0.3852813243865967
Hyper	32	128	64	5	0.4748978614807129
Hyper	32	128	64	6	0.026575565338134766
Hyper	32	128	64	7	0.5414760112762451
Hyper	32	128	64	8	0.2778952121734619
Hyper	32	128	64	9	1.5591623783111572
Hyper	32	128	64	10	0.48004698753356934
Hyper	32	128	64	11	0.06572413444519043
Hyper	32	128	64	12	0.15947580337524414
Hyper	32	128	64	13	2.781238079071045
Hyper	32	128	64	14	0.20276808738708496
Hyper	32	128	64	15	0.165771484375
Hyper	32	128	64	16	0.4755375385284424
Hyper	32	128	64	17	0.327289342880249
Hyper	32	128	64	18	2.131826400756836
Hyper	32	128	64	19	0.436312198638916
Hyper	32	128	64	20	0.15527796745300293
Hyper	32	128	64	21	1.3008770942687988
Hyper	32	128	64	22	0.4082021713256836
DuckDB	32	128	128	1	9.323707342147827
DuckDB	32	128	128	2	1.0235834121704102
DuckDB	32	128	128	3	3.800201177597046
DuckDB	32	128	128	4	8.003175973892212
DuckDB	32	128	128	5	4.036747694015503
DuckDB	32	128	128	6	0.48296117782592773
DuckDB	32	128	128	7	9.405546188354492
DuckDB	32	128	128	8	3.4220590591430664
DuckDB	32	128	128	9	9.261006832122803
DuckDB	32	128	128	10	7.986543655395508
DuckDB	32	128	128	11	0.30858922004699707
DuckDB	32	128	128	12	2.973140239715576
DuckDB	32	128	128	13	6.445992708206177
DuckDB	32	128	128	14	3.113661289215088
DuckDB	32	128	128	15	2.2689006328582764
DuckDB	32	128	128	16	1.734786033630371
DuckDB	32	128	128	17	63.48004651069641
DuckDB	32	128	128	18	17.27992081642151
DuckDB	32	128	128	19	4.155439376831055
DuckDB	32	128	128	20	7.202373504638672
DuckDB	32	128	128	21	23.054489135742188
DuckDB	32	128	128	22	1.452765703201294
DuckDB	32	128	128	1	2.6335625648498535
DuckDB	32	128	128	2	0.7304842472076416
DuckDB	32	128	128	3	3.7236828804016113
DuckDB	32	128	128	4	5.303937911987305
DuckDB	32	128	128	5	2.7106821537017822
DuckDB	32	128	128	6	0.7165379524230957
DuckDB	32	128	128	7	8.232757329940796
DuckDB	32	128	128	8	2.901928424835205
DuckDB	32	128	128	9	9.123342037200928
DuckDB	32	128	128	10	7.473347425460815
DuckDB	32	128	128	11	0.3302650451660156
DuckDB	32	128	128	12	3.041686534881592
DuckDB	32	128	128	13	6.176294326782227
DuckDB	32	128	128	14	2.804145574569702
DuckDB	32	128	128	15	2.0356595516204834
DuckDB	32	128	128	16	2.3267157077789307
DuckDB	32	128	128	17	50.723955392837524
DuckDB	32	128	128	18	16.217916250228882
DuckDB	32	128	128	19	3.985980749130249
DuckDB	32	128	128	20	5.743389368057251
DuckDB	32	128	128	21	22.86932373046875
DuckDB	32	128	128	22	1.3835296630859375
DuckDB	32	128	128	1	2.596972703933716
DuckDB	32	128	128	2	0.7111570835113525
DuckDB	32	128	128	3	3.732661008834839
DuckDB	32	128	128	4	4.558223009109497
DuckDB	32	128	128	5	2.76957631111145
DuckDB	32	128	128	6	0.5192286968231201
DuckDB	32	128	128	7	8.524121046066284
DuckDB	32	128	128	8	2.859581470489502
DuckDB	32	128	128	9	9.037314891815186
DuckDB	32	128	128	10	7.79353928565979
DuckDB	32	128	128	11	0.34697532653808594
DuckDB	32	128	128	12	2.935497283935547
DuckDB	32	128	128	13	5.753365755081177
DuckDB	32	128	128	14	3.064114809036255
DuckDB	32	128	128	15	2.4299087524414062
DuckDB	32	128	128	16	1.2991807460784912
DuckDB	32	128	128	17	44.28517198562622
DuckDB	32	128	128	18	16.590819358825684
DuckDB	32	128	128	19	4.036090612411499
DuckDB	32	128	128	20	5.914930582046509
DuckDB	32	128	128	21	20.636594772338867
DuckDB	32	128	128	22	1.3503813743591309
Hyper	32	128	128	1	6.082580804824829
Hyper	32	128	128	2	0.2452387809753418
Hyper	32	128	128	3	3.8972535133361816
Hyper	32	128	128	4	3.250370740890503
Hyper	32	128	128	5	3.333743095397949
Hyper	32	128	128	6	0.07681941986083984
Hyper	32	128	128	7	4.440964221954346
Hyper	32	128	128	8	2.601520299911499
Hyper	32	128	128	9	9.301851987838745
Hyper	32	128	128	10	3.0345144271850586
Hyper	32	128	128	11	0.23847389221191406
Hyper	32	128	128	12	0.5833685398101807
Hyper	32	128	128	13	13.882613182067871
Hyper	32	128	128	14	0.35524773597717285
Hyper	32	128	128	15	0.415691614151001
Hyper	32	128	128	16	0.9240739345550537
Hyper	32	128	128	17	0.6686937808990479
Hyper	32	128	128	18	7.1965131759643555
Hyper	32	128	128	19	0.9405195713043213
Hyper	32	128	128	20	0.4237515926361084
Hyper	32	128	128	21	2.96193790435791
Hyper	32	128	128	22	0.8639407157897949
Hyper	32	128	128	1	1.5035207271575928
Hyper	32	128	128	2	0.20336627960205078
Hyper	32	128	128	3	1.3784379959106445
Hyper	32	128	128	4	1.0147082805633545
Hyper	32	128	128	5	1.3361341953277588
Hyper	32	128	128	6	0.052136898040771484
Hyper	32	128	128	7	1.505906105041504
Hyper	32	128	128	8	0.7930114269256592
Hyper	32	128	128	9	4.754922389984131
Hyper	32	128	128	10	1.2659494876861572
Hyper	32	128	128	11	0.13793158531188965
Hyper	32	128	128	12	0.4777412414550781
Hyper	32	128	128	13	7.177125692367554
Hyper	32	128	128	14	0.3552589416503906
Hyper	32	128	128	15	0.4449450969696045
Hyper	32	128	128	16	0.9279322624206543
Hyper	32	128	128	17	0.7340681552886963
Hyper	32	128	128	18	5.173810243606567
Hyper	32	128	128	19	0.8483281135559082
Hyper	32	128	128	20	0.21178936958312988
Hyper	32	128	128	21	2.4401779174804688
Hyper	32	128	128	22	0.8083937168121338
Hyper	32	128	128	1	1.421898603439331
Hyper	32	128	128	2	0.18378543853759766
Hyper	32	128	128	3	1.3561246395111084
Hyper	32	128	128	4	1.040466070175171
Hyper	32	128	128	5	1.272592544555664
Hyper	32	128	128	6	0.05149126052856445
Hyper	32	128	128	7	1.4763357639312744
Hyper	32	128	128	8	0.685744047164917
Hyper	32	128	128	9	4.966175556182861
Hyper	32	128	128	10	1.3734385967254639
Hyper	32	128	128	11	0.14915013313293457
Hyper	32	128	128	12	0.48843884468078613
Hyper	32	128	128	13	7.030795574188232
Hyper	32	128	128	14	0.38978052139282227
Hyper	32	128	128	15	0.4348907470703125
Hyper	32	128	128	16	0.949885368347168
Hyper	32	128	128	17	0.7033677101135254
Hyper	32	128	128	18	4.494963645935059
Hyper	32	128	128	19	0.7952797412872314
Hyper	32	128	128	20	0.18970060348510742
Hyper	32	128	128	21	2.0704715251922607
Hyper	32	128	128	22	0.6325232982635498
DuckDB	32	128	256	1	22.19159507751465
DuckDB	32	128	256	2	4.231791973114014
DuckDB	32	128	256	3	10.34312915802002
DuckDB	32	128	256	4	18.115692138671875
DuckDB	32	128	256	5	6.079960346221924
DuckDB	32	128	256	6	3.129854679107666
DuckDB	32	128	256	7	19.77782940864563
DuckDB	32	128	256	8	8.149129390716553
DuckDB	32	128	256	9	22.142904043197632
DuckDB	32	128	256	10	16.163117170333862
DuckDB	32	128	256	11	1.7850933074951172
DuckDB	32	128	256	12	6.2199108600616455
DuckDB	32	128	256	13	18.517757177352905
DuckDB	32	128	256	14	6.298535346984863
DuckDB	32	128	256	15	6.963987588882446
DuckDB	32	128	256	16	3.6998050212860107
DuckDB	32	128	256	17	197.47185254096985
DuckDB	32	128	256	18	41.052916049957275
DuckDB	32	128	256	19	9.236233711242676
DuckDB	32	128	256	20	18.777297019958496
DuckDB	32	128	256	21	57.445359230041504
DuckDB	32	128	256	22	4.0920069217681885
DuckDB	32	128	256	1	10.098114252090454
DuckDB	32	128	256	2	5.886154651641846
DuckDB	32	128	256	3	7.634774684906006
DuckDB	32	128	256	4	16.41832137107849
DuckDB	32	128	256	5	6.190501928329468
DuckDB	32	128	256	6	2.7567131519317627
DuckDB	32	128	256	7	21.409722089767456
DuckDB	32	128	256	8	8.281065702438354
DuckDB	32	128	256	9	19.166664361953735
DuckDB	32	128	256	10	17.078147649765015
DuckDB	32	128	256	11	0.7139828205108643
DuckDB	32	128	256	12	6.139537334442139
DuckDB	32	128	256	13	12.828322887420654
DuckDB	32	128	256	14	6.843448638916016
DuckDB	32	128	256	15	7.36540150642395
DuckDB	32	128	256	16	2.755204439163208
DuckDB	32	128	256	17	165.67357563972473
DuckDB	32	128	256	18	40.58022999763489
DuckDB	32	128	256	19	9.124154806137085
DuckDB	32	128	256	20	20.50779390335083
DuckDB	32	128	256	21	59.988516092300415
DuckDB	32	128	256	22	3.853816509246826
DuckDB	32	128	256	1	12.765212059020996
DuckDB	32	128	256	2	5.1833202838897705
DuckDB	32	128	256	3	7.633238315582275
DuckDB	32	128	256	4	15.974022388458252
DuckDB	32	128	256	5	6.2734551429748535
DuckDB	32	128	256	6	3.1979401111602783
DuckDB	32	128	256	7	17.04169225692749
DuckDB	32	128	256	8	8.093519926071167
DuckDB	32	128	256	9	19.290006399154663
DuckDB	32	128	256	10	16.25090479850769
DuckDB	32	128	256	11	0.7660937309265137
DuckDB	32	128	256	12	6.103207588195801
DuckDB	32	128	256	13	12.490232467651367
DuckDB	32	128	256	14	6.945384979248047
DuckDB	32	128	256	15	6.972872018814087
DuckDB	32	128	256	16	2.98028826713562
DuckDB	32	128	256	17	248.65335488319397
DuckDB	32	128	256	18	38.32833123207092
DuckDB	32	128	256	19	9.292484283447266
DuckDB	32	128	256	20	19.757015228271484
DuckDB	32	128	256	21	56.461968660354614
DuckDB	32	128	256	22	4.002484560012817
Hyper	32	128	256	1	15.902742385864258
Hyper	32	128	256	2	0.48957157135009766
Hyper	32	128	256	3	10.498440265655518
Hyper	32	128	256	4	8.11595869064331
Hyper	32	128	256	5	9.015458822250366
Hyper	32	128	256	6	0.2708570957183838
Hyper	32	128	256	7	9.534638404846191
Hyper	32	128	256	8	5.625164985656738
Hyper	32	128	256	9	16.967864274978638
Hyper	32	128	256	10	6.154415845870972
Hyper	32	128	256	11	0.429157018661499
Hyper	32	128	256	12	1.1870625019073486
Hyper	32	128	256	13	38.046826124191284
Hyper	32	128	256	14	1.1555724143981934
Hyper	32	128	256	15	1.0293452739715576
Hyper	32	128	256	16	2.0761256217956543
Hyper	32	128	256	17	2.1967411041259766
Hyper	32	128	256	18	31.03413462638855
Hyper	32	128	256	19	2.5821568965911865
Hyper	32	128	256	20	3.30999755859375
Hyper	32	128	256	21	9.403984546661377
Hyper	32	128	256	22	1.7638311386108398
Hyper	32	128	256	1	2.6447999477386475
Hyper	32	128	256	2	0.3082001209259033
Hyper	32	128	256	3	2.6479904651641846
Hyper	32	128	256	4	2.2167420387268066
Hyper	32	128	256	5	2.6903207302093506
Hyper	32	128	256	6	0.10231828689575195
Hyper	32	128	256	7	3.0172431468963623
Hyper	32	128	256	8	1.6470856666564941
Hyper	32	128	256	9	10.097257375717163
Hyper	32	128	256	10	4.863723039627075
Hyper	32	128	256	11	0.342376708984375
Hyper	32	128	256	12	1.1391558647155762
Hyper	32	128	256	13	15.588106870651245
Hyper	32	128	256	14	0.5615684986114502
Hyper	32	128	256	15	0.7230064868927002
Hyper	32	128	256	16	1.5490071773529053
Hyper	32	128	256	17	1.4893019199371338
Hyper	32	128	256	18	26.652645349502563
Hyper	32	128	256	19	1.2481791973114014
Hyper	32	128	256	20	0.4176921844482422
Hyper	32	128	256	21	4.381090402603149
Hyper	32	128	256	22	1.2892951965332031
Hyper	32	128	256	1	2.2898221015930176
Hyper	32	128	256	2	0.31401872634887695
Hyper	32	128	256	3	1.9924390316009521
Hyper	32	128	256	4	1.7748031616210938
Hyper	32	128	256	5	2.1192421913146973
Hyper	32	128	256	6	0.08860278129577637
Hyper	32	128	256	7	2.39548397064209
Hyper	32	128	256	8	1.2544665336608887
Hyper	32	128	256	9	7.574093341827393
Hyper	32	128	256	10	2.0994625091552734
Hyper	32	128	256	11	0.23989439010620117
Hyper	32	128	256	12	0.8689825534820557
Hyper	32	128	256	13	13.619161367416382
Hyper	32	128	256	14	0.5486559867858887
Hyper	32	128	256	15	0.7164292335510254
Hyper	32	128	256	16	1.5979650020599365
Hyper	32	128	256	17	1.473740577697754
Hyper	32	128	256	18	21.533076763153076
Hyper	32	128	256	19	1.4329402446746826
Hyper	32	128	256	20	0.520233154296875
Hyper	32	128	256	21	4.334978342056274
Hyper	32	128	256	22	1.325443983078003
DuckDB	16	64	32	1	0.6891682147979736
DuckDB	16	64	32	2	0.1794748306274414
DuckDB	16	64	32	3	0.9473841190338135
DuckDB	16	64	32	4	1.0120940208435059
DuckDB	16	64	32	5	0.8167088031768799
DuckDB	16	64	32	6	0.22413420677185059
DuckDB	16	64	32	7	1.950606107711792
DuckDB	16	64	32	8	0.5999610424041748
DuckDB	16	64	32	9	2.889493465423584
DuckDB	16	64	32	10	1.350996732711792
DuckDB	16	64	32	11	0.06797122955322266
DuckDB	16	64	32	12	0.6316111087799072
DuckDB	16	64	32	13	1.5197596549987793
DuckDB	16	64	32	14	0.5802445411682129
DuckDB	16	64	32	15	0.7177355289459229
DuckDB	16	64	32	16	0.25469970703125
DuckDB	16	64	32	17	6.949143886566162
DuckDB	16	64	32	18	3.8016960620880127
DuckDB	16	64	32	19	1.003026008605957
DuckDB	16	64	32	20	1.1667582988739014
DuckDB	16	64	32	21	3.7461585998535156
DuckDB	16	64	32	22	0.43013525009155273
DuckDB	16	64	32	1	0.7924072742462158
DuckDB	16	64	32	2	0.15640473365783691
DuckDB	16	64	32	3	0.8707830905914307
DuckDB	16	64	32	4	0.9954822063446045
DuckDB	16	64	32	5	0.768563985824585
DuckDB	16	64	32	6	0.2215259075164795
DuckDB	16	64	32	7	1.9073925018310547
DuckDB	16	64	32	8	0.6254327297210693
DuckDB	16	64	32	9	3.0675504207611084
DuckDB	16	64	32	10	1.473172903060913
DuckDB	16	64	32	11	0.06878900527954102
DuckDB	16	64	32	12	0.6271166801452637
DuckDB	16	64	32	13	1.5803651809692383
DuckDB	16	64	32	14	0.5725841522216797
DuckDB	16	64	32	15	0.6937243938446045
DuckDB	16	64	32	16	0.2632603645324707
DuckDB	16	64	32	17	5.969216346740723
DuckDB	16	64	32	18	3.819415807723999
DuckDB	16	64	32	19	0.9658737182617188
DuckDB	16	64	32	20	1.194638729095459
DuckDB	16	64	32	21	3.6902084350585938
DuckDB	16	64	32	22	0.44810009002685547
DuckDB	16	64	32	1	0.7931976318359375
DuckDB	16	64	32	2	0.16132664680480957
DuckDB	16	64	32	3	0.8691656589508057
DuckDB	16	64	32	4	0.9778063297271729
DuckDB	16	64	32	5	0.7830243110656738
DuckDB	16	64	32	6	0.2269277572631836
DuckDB	16	64	32	7	1.9501986503601074
DuckDB	16	64	32	8	0.6102027893066406
DuckDB	16	64	32	9	2.9225165843963623
DuckDB	16	64	32	10	1.406590223312378
DuckDB	16	64	32	11	0.07026910781860352
DuckDB	16	64	32	12	0.6262979507446289
DuckDB	16	64	32	13	1.6087381839752197
DuckDB	16	64	32	14	0.570732831954956
DuckDB	16	64	32	15	0.7244586944580078
DuckDB	16	64	32	16	0.253434419631958
DuckDB	16	64	32	17	5.978360891342163
DuckDB	16	64	32	18	3.670212984085083
DuckDB	16	64	32	19	1.0465202331542969
DuckDB	16	64	32	20	1.1651504039764404
DuckDB	16	64	32	21	3.917945623397827
DuckDB	16	64	32	22	0.36006641387939453
Hyper	16	64	32	1	0.6216883659362793
Hyper	16	64	32	2	0.08421993255615234
Hyper	16	64	32	3	0.4480721950531006
Hyper	16	64	32	4	0.32715487480163574
Hyper	16	64	32	5	0.4003748893737793
Hyper	16	64	32	6	0.02173590660095215
Hyper	16	64	32	7	0.6257469654083252
Hyper	16	64	32	8	0.3467693328857422
Hyper	16	64	32	9	1.4462883472442627
Hyper	16	64	32	10	0.617682933807373
Hyper	16	64	32	11	0.08451437950134277
Hyper	16	64	32	12	0.1521761417388916
Hyper	16	64	32	13	3.54473614692688
Hyper	16	64	32	14	0.11650323867797852
Hyper	16	64	32	15	0.13133621215820312
Hyper	16	64	32	16	0.35767507553100586
Hyper	16	64	32	17	0.27892208099365234
Hyper	16	64	32	18	2.2557601928710938
Hyper	16	64	32	19	0.3004302978515625
Hyper	16	64	32	20	0.1063544750213623
Hyper	16	64	32	21	0.8762161731719971
Hyper	16	64	32	22	0.24809598922729492
Hyper	16	64	32	1	0.588442325592041
Hyper	16	64	32	2	0.06594562530517578
Hyper	16	64	32	3	0.3690321445465088
Hyper	16	64	32	4	0.29970479011535645
Hyper	16	64	32	5	0.3818943500518799
Hyper	16	64	32	6	0.021602392196655273
Hyper	16	64	32	7	0.3857760429382324
Hyper	16	64	32	8	0.20595216751098633
Hyper	16	64	32	9	1.1736948490142822
Hyper	16	64	32	10	0.3859586715698242
Hyper	16	64	32	11	0.05683469772338867
Hyper	16	64	32	12	0.0937044620513916
Hyper	16	64	32	13	2.5094122886657715
Hyper	16	64	32	14	0.11291623115539551
Hyper	16	64	32	15	0.11399555206298828
Hyper	16	64	32	16	0.3104584217071533
Hyper	16	64	32	17	0.2594568729400635
Hyper	16	64	32	18	1.641279697418213
Hyper	16	64	32	19	0.24305057525634766
Hyper	16	64	32	20	0.09895205497741699
Hyper	16	64	32	21	0.8123278617858887
Hyper	16	64	32	22	0.23224425315856934
Hyper	16	64	32	1	0.565741777420044
Hyper	16	64	32	2	0.05932950973510742
Hyper	16	64	32	3	0.3575704097747803
Hyper	16	64	32	4	0.2936537265777588
Hyper	16	64	32	5	0.37544870376586914
Hyper	16	64	32	6	0.020494937896728516
Hyper	16	64	32	7	0.3842597007751465
Hyper	16	64	32	8	0.20451068878173828
Hyper	16	64	32	9	1.2416572570800781
Hyper	16	64	32	10	0.393033504486084
Hyper	16	64	32	11	0.05716109275817871
Hyper	16	64	32	12	0.09474372863769531
Hyper	16	64	32	13	2.5239477157592773
Hyper	16	64	32	14	0.11167550086975098
Hyper	16	64	32	15	0.11568999290466309
Hyper	16	64	32	16	0.29918885231018066
Hyper	16	64	32	17	0.22652506828308105
Hyper	16	64	32	18	1.5443034172058105
Hyper	16	64	32	19	0.24704599380493164
Hyper	16	64	32	20	0.0974576473236084
Hyper	16	64	32	21	0.8089601993560791
Hyper	16	64	32	22	0.23489618301391602
DuckDB	16	64	64	1	4.914095401763916
DuckDB	16	64	64	2	0.33588337898254395
DuckDB	16	64	64	3	1.7547996044158936
DuckDB	16	64	64	4	3.6543121337890625
DuckDB	16	64	64	5	1.647514820098877
DuckDB	16	64	64	6	0.44297361373901367
DuckDB	16	64	64	7	4.212670803070068
DuckDB	16	64	64	8	1.7630729675292969
DuckDB	16	64	64	9	6.390626430511475
DuckDB	16	64	64	10	3.6274027824401855
DuckDB	16	64	64	11	0.12915587425231934
DuckDB	16	64	64	12	1.3568389415740967
DuckDB	16	64	64	13	3.1030735969543457
DuckDB	16	64	64	14	1.1576964855194092
DuckDB	16	64	64	15	1.4545443058013916
DuckDB	16	64	64	16	0.574481725692749
DuckDB	16	64	64	17	14.466750383377075
DuckDB	16	64	64	18	8.77736520767212
DuckDB	16	64	64	19	2.1468522548675537
DuckDB	16	64	64	20	2.3804025650024414
DuckDB	16	64	64	21	8.360936164855957
DuckDB	16	64	64	22	0.868736743927002
DuckDB	16	64	64	1	1.633049726486206
DuckDB	16	64	64	2	0.33005332946777344
DuckDB	16	64	64	3	1.6476056575775146
DuckDB	16	64	64	4	1.8636751174926758
DuckDB	16	64	64	5	1.5507738590240479
DuckDB	16	64	64	6	0.4343850612640381
DuckDB	16	64	64	7	3.8407459259033203
DuckDB	16	64	64	8	1.4868834018707275
DuckDB	16	64	64	9	6.2750468254089355
DuckDB	16	64	64	10	3.265716314315796
DuckDB	16	64	64	11	0.1532588005065918
DuckDB	16	64	64	12	1.305896282196045
DuckDB	16	64	64	13	3.5888590812683105
DuckDB	16	64	64	14	1.1924571990966797
DuckDB	16	64	64	15	1.4180982112884521
DuckDB	16	64	64	16	0.7110927104949951
DuckDB	16	64	64	17	17.976127862930298
DuckDB	16	64	64	18	8.47605037689209
DuckDB	16	64	64	19	2.126816511154175
DuckDB	16	64	64	20	2.546037435531616
DuckDB	16	64	64	21	7.457184791564941
DuckDB	16	64	64	22	0.7938318252563477
DuckDB	16	64	64	1	1.646582841873169
DuckDB	16	64	64	2	0.32273268699645996
DuckDB	16	64	64	3	1.7033584117889404
DuckDB	16	64	64	4	1.8626902103424072
DuckDB	16	64	64	5	1.5354042053222656
DuckDB	16	64	64	6	0.44182443618774414
DuckDB	16	64	64	7	3.8444597721099854
DuckDB	16	64	64	8	1.5632152557373047
DuckDB	16	64	64	9	6.230255842208862
DuckDB	16	64	64	10	3.281134605407715
DuckDB	16	64	64	11	0.13131332397460938
DuckDB	16	64	64	12	1.3770837783813477
DuckDB	16	64	64	13	3.0690102577209473
DuckDB	16	64	64	14	1.1223833560943604
DuckDB	16	64	64	15	1.4240524768829346
DuckDB	16	64	64	16	0.6900167465209961
DuckDB	16	64	64	17	19.038801431655884
DuckDB	16	64	64	18	8.289700031280518
DuckDB	16	64	64	19	2.1174709796905518
DuckDB	16	64	64	20	2.5506057739257812
DuckDB	16	64	64	21	7.595059156417847
DuckDB	16	64	64	22	0.8299570083618164
Hyper	16	64	64	1	3.7982242107391357
Hyper	16	64	64	2	0.18051648139953613
Hyper	16	64	64	3	2.4675354957580566
Hyper	16	64	64	4	1.8277950286865234
Hyper	16	64	64	5	1.9899277687072754
Hyper	16	64	64	6	0.04192304611206055
Hyper	16	64	64	7	1.7034211158752441
Hyper	16	64	64	8	1.363457202911377
Hyper	16	64	64	9	3.5706448554992676
Hyper	16	64	64	10	1.7756738662719727
Hyper	16	64	64	11	0.15089941024780273
Hyper	16	64	64	12	0.3246629238128662
Hyper	16	64	64	13	9.180815935134888
Hyper	16	64	64	14	0.22486186027526855
Hyper	16	64	64	15	0.33562374114990234
Hyper	16	64	64	16	0.7403395175933838
Hyper	16	64	64	17	0.5509436130523682
Hyper	16	64	64	18	4.953918695449829
Hyper	16	64	64	19	0.8225572109222412
Hyper	16	64	64	20	0.3352375030517578
Hyper	16	64	64	21	2.688169479370117
Hyper	16	64	64	22	0.8487021923065186
Hyper	16	64	64	1	1.6221694946289062
Hyper	16	64	64	2	0.18775272369384766
Hyper	16	64	64	3	1.1996383666992188
Hyper	16	64	64	4	1.0382230281829834
Hyper	16	64	64	5	1.2577183246612549
Hyper	16	64	64	6	0.0678110122680664
Hyper	16	64	64	7	1.2160615921020508
Hyper	16	64	64	8	0.627539873123169
Hyper	16	64	64	9	3.807107448577881
Hyper	16	64	64	10	1.1637952327728271
Hyper	16	64	64	11	0.1718745231628418
Hyper	16	64	64	12	0.3977639675140381
Hyper	16	64	64	13	7.166132688522339
Hyper	16	64	64	14	0.20848512649536133
Hyper	16	64	64	15	0.3104128837585449
Hyper	16	64	64	16	0.6448988914489746
Hyper	16	64	64	17	0.4905998706817627
Hyper	16	64	64	18	3.265024423599243
Hyper	16	64	64	19	0.5021302700042725
Hyper	16	64	64	20	0.16898560523986816
Hyper	16	64	64	21	1.7147936820983887
Hyper	16	64	64	22	0.5345354080200195
Hyper	16	64	64	1	1.1305711269378662
Hyper	16	64	64	2	0.10631918907165527
Hyper	16	64	64	3	0.8528163433074951
Hyper	16	64	64	4	0.6861755847930908
Hyper	16	64	64	5	0.8465843200683594
Hyper	16	64	64	6	0.03943967819213867
Hyper	16	64	64	7	0.8092672824859619
Hyper	16	64	64	8	0.4345285892486572
Hyper	16	64	64	9	2.658099889755249
Hyper	16	64	64	10	0.8048386573791504
Hyper	16	64	64	11	0.1179952621459961
Hyper	16	64	64	12	0.26702260971069336
Hyper	16	64	64	13	5.093042612075806
Hyper	16	64	64	14	0.20013117790222168
Hyper	16	64	64	15	0.2964928150177002
Hyper	16	64	64	16	0.6515655517578125
Hyper	16	64	64	17	0.5069460868835449
Hyper	16	64	64	18	2.9960741996765137
Hyper	16	64	64	19	0.4908010959625244
Hyper	16	64	64	20	0.17164087295532227
Hyper	16	64	64	21	1.7598540782928467
Hyper	16	64	64	22	0.5502982139587402
DuckDB	16	64	128	1	9.122853994369507
DuckDB	16	64	128	2	2.205777645111084
DuckDB	16	64	128	3	5.4964518547058105
DuckDB	16	64	128	4	9.018884181976318
DuckDB	16	64	128	5	5.244318723678589
DuckDB	16	64	128	6	2.343960762023926
DuckDB	16	64	128	7	13.155683755874634
DuckDB	16	64	128	8	5.320953130722046
DuckDB	16	64	128	9	17.17433762550354
DuckDB	16	64	128	10	9.999687194824219
DuckDB	16	64	128	11	0.6022369861602783
DuckDB	16	64	128	12	3.778557062149048
DuckDB	16	64	128	13	11.449626684188843
DuckDB	16	64	128	14	3.240098476409912
DuckDB	16	64	128	15	5.0145721435546875
DuckDB	16	64	128	16	2.323458671569824
DuckDB	16	64	128	17	102.47454905509949
DuckDB	16	64	128	18	28.082810163497925
DuckDB	16	64	128	19	6.103785991668701
DuckDB	16	64	128	20	10.841614961624146
DuckDB	16	64	128	21	34.15399646759033
DuckDB	16	64	128	22	2.6827001571655273
DuckDB	16	64	128	1	6.349433660507202
DuckDB	16	64	128	2	2.3089962005615234
DuckDB	16	64	128	3	4.6113550662994385
DuckDB	16	64	128	4	8.425364255905151
DuckDB	16	64	128	5	3.8211982250213623
DuckDB	16	64	128	6	1.5750396251678467
DuckDB	16	64	128	7	12.802042722702026
DuckDB	16	64	128	8	4.853177309036255
DuckDB	16	64	128	9	17.24091649055481
DuckDB	16	64	128	10	10.011619329452515
DuckDB	16	64	128	11	0.6103837490081787
DuckDB	16	64	128	12	3.785169839859009
DuckDB	16	64	128	13	11.111760377883911
DuckDB	16	64	128	14	3.465318441390991
DuckDB	16	64	128	15	4.726433038711548
DuckDB	16	64	128	16	2.619701385498047
DuckDB	16	64	128	17	96.10465693473816
DuckDB	16	64	128	18	24.196107387542725
DuckDB	16	64	128	19	5.996176242828369
DuckDB	16	64	128	20	10.738264083862305
DuckDB	16	64	128	21	30.7086660861969
DuckDB	16	64	128	22	2.248406410217285
DuckDB	16	64	128	1	5.952907562255859
DuckDB	16	64	128	2	2.050642490386963
DuckDB	16	64	128	3	4.61319375038147
DuckDB	16	64	128	4	8.637649536132812
DuckDB	16	64	128	5	4.986706495285034
DuckDB	16	64	128	6	2.236154794692993
DuckDB	16	64	128	7	12.74817180633545
DuckDB	16	64	128	8	4.801454067230225
DuckDB	16	64	128	9	17.748491048812866
DuckDB	16	64	128	10	9.755500555038452
DuckDB	16	64	128	11	0.6535189151763916
DuckDB	16	64	128	12	3.887195587158203
DuckDB	16	64	128	13	10.134588241577148
DuckDB	16	64	128	14	2.4108102321624756
DuckDB	16	64	128	15	3.9118690490722656
DuckDB	16	64	128	16	2.0660109519958496
DuckDB	16	64	128	17	63.958632946014404
DuckDB	16	64	128	18	26.159055471420288
DuckDB	16	64	128	19	6.661113262176514
DuckDB	16	64	128	20	10.67289113998413
DuckDB	16	64	128	21	32.450626850128174
DuckDB	16	64	128	22	2.2481179237365723
Hyper	16	64	128	1	8.827121496200562
Hyper	16	64	128	2	0.48384881019592285
Hyper	16	64	128	3	6.238658905029297
Hyper	16	64	128	4	4.183780670166016
Hyper	16	64	128	5	4.53925895690918
Hyper	16	64	128	6	0.12639498710632324
Hyper	16	64	128	7	4.063183307647705
Hyper	16	64	128	8	3.1829733848571777
Hyper	16	64	128	9	14.44976544380188
Hyper	16	64	128	10	4.102498292922974
Hyper	16	64	128	11	0.38181304931640625
Hyper	16	64	128	12	1.0976221561431885
Hyper	16	64	128	13	27.21516704559326
Hyper	16	64	128	14	0.8367414474487305
Hyper	16	64	128	15	1.2032074928283691
Hyper	16	64	128	16	2.744399070739746
Hyper	16	64	128	17	2.975804090499878
Hyper	16	64	128	18	19.11554765701294
Hyper	16	64	128	19	1.8738932609558105
Hyper	16	64	128	20	0.7720003128051758
Hyper	16	64	128	21	6.995962142944336
Hyper	16	64	128	22	2.2348885536193848
Hyper	16	64	128	1	3.73968505859375
Hyper	16	64	128	2	0.5437126159667969
Hyper	16	64	128	3	3.383779525756836
Hyper	16	64	128	4	3.0960488319396973
Hyper	16	64	128	5	3.513108968734741
Hyper	16	64	128	6	0.1492452621459961
Hyper	16	64	128	7	3.0783634185791016
Hyper	16	64	128	8	1.7500762939453125
Hyper	16	64	128	9	9.002776622772217
Hyper	16	64	128	10	2.224167823791504
Hyper	16	64	128	11	0.27973270416259766
Hyper	16	64	128	12	0.9297277927398682
Hyper	16	64	128	13	13.273540496826172
Hyper	16	64	128	14	0.5038220882415771
Hyper	16	64	128	15	0.7534737586975098
Hyper	16	64	128	16	1.8195526599884033
Hyper	16	64	128	17	1.8910140991210938
Hyper	16	64	128	18	10.911304235458374
Hyper	16	64	128	19	1.1737403869628906
Hyper	16	64	128	20	0.44153904914855957
Hyper	16	64	128	21	4.499225378036499
Hyper	16	64	128	22	1.5053181648254395
Hyper	16	64	128	1	2.8630130290985107
Hyper	16	64	128	2	0.25150370597839355
Hyper	16	64	128	3	2.2172389030456543
Hyper	16	64	128	4	2.022402286529541
Hyper	16	64	128	5	2.482224225997925
Hyper	16	64	128	6	0.10318565368652344
Hyper	16	64	128	7	2.122738838195801
Hyper	16	64	128	8	1.1622366905212402
Hyper	16	64	128	9	7.888152599334717
Hyper	16	64	128	10	2.218287467956543
Hyper	16	64	128	11	0.2954976558685303
Hyper	16	64	128	12	0.9679937362670898
Hyper	16	64	128	13	13.444645643234253
Hyper	16	64	128	14	0.5450530052185059
Hyper	16	64	128	15	0.7468855381011963
Hyper	16	64	128	16	1.852126121520996
Hyper	16	64	128	17	1.8642637729644775
Hyper	16	64	128	18	9.23489260673523
Hyper	16	64	128	19	0.8995027542114258
Hyper	16	64	128	20	0.3120079040527344
Hyper	16	64	128	21	4.217768669128418
Hyper	16	64	128	22	1.4705615043640137
DuckDB	8	32	16	1	0.6847305297851562
DuckDB	8	32	16	2	0.13680005073547363
DuckDB	8	32	16	3	0.6199986934661865
DuckDB	8	32	16	4	0.6932163238525391
DuckDB	8	32	16	5	0.6005399227142334
DuckDB	8	32	16	6	0.2168900966644287
DuckDB	8	32	16	7	1.4971232414245605
DuckDB	8	32	16	8	0.5157966613769531
DuckDB	8	32	16	9	2.4840331077575684
DuckDB	8	32	16	10	1.0866327285766602
DuckDB	8	32	16	11	0.06059980392456055
DuckDB	8	32	16	12	0.4291527271270752
DuckDB	8	32	16	13	1.3208301067352295
DuckDB	8	32	16	14	0.39547109603881836
DuckDB	8	32	16	15	0.5493676662445068
DuckDB	8	32	16	16	0.22118663787841797
DuckDB	8	32	16	17	4.038403034210205
DuckDB	8	32	16	18	3.232306957244873
DuckDB	8	32	16	19	0.8636152744293213
DuckDB	8	32	16	20	0.9191200733184814
DuckDB	8	32	16	21	2.456404209136963
DuckDB	8	32	16	22	0.42168235778808594
DuckDB	8	32	16	1	0.7514517307281494
DuckDB	8	32	16	2	0.1298675537109375
DuckDB	8	32	16	3	0.6055357456207275
DuckDB	8	32	16	4	0.7222070693969727
DuckDB	8	32	16	5	0.6216285228729248
DuckDB	8	32	16	6	0.21071505546569824
DuckDB	8	32	16	7	1.505892038345337
DuckDB	8	32	16	8	0.5106730461120605
DuckDB	8	32	16	9	2.5085253715515137
DuckDB	8	32	16	10	1.1775169372558594
DuckDB	8	32	16	11	0.057482242584228516
DuckDB	8	32	16	12	0.4326961040496826
DuckDB	8	32	16	13	1.3559424877166748
DuckDB	8	32	16	14	0.39935755729675293
DuckDB	8	32	16	15	0.5447328090667725
DuckDB	8	32	16	16	0.22782301902770996
DuckDB	8	32	16	17	3.6941564083099365
DuckDB	8	32	16	18	3.0402586460113525
DuckDB	8	32	16	19	0.8572447299957275
DuckDB	8	32	16	20	0.8922386169433594
DuckDB	8	32	16	21	2.1695051193237305
DuckDB	8	32	16	22	0.3030824661254883
DuckDB	8	32	16	1	0.7518312931060791
DuckDB	8	32	16	2	0.13065385818481445
DuckDB	8	32	16	3	0.5816469192504883
DuckDB	8	32	16	4	0.6778171062469482
DuckDB	8	32	16	5	0.5898301601409912
DuckDB	8	32	16	6	0.21413636207580566
DuckDB	8	32	16	7	1.4989097118377686
DuckDB	8	32	16	8	0.5099575519561768
DuckDB	8	32	16	9	2.4433534145355225
DuckDB	8	32	16	10	1.1088831424713135
DuckDB	8	32	16	11	0.06202840805053711
DuckDB	8	32	16	12	0.43973755836486816
DuckDB	8	32	16	13	1.3571841716766357
DuckDB	8	32	16	14	0.39367032051086426
DuckDB	8	32	16	15	0.5322141647338867
DuckDB	8	32	16	16	0.21742844581604004
DuckDB	8	32	16	17	3.773761034011841
DuckDB	8	32	16	18	2.9555976390838623
DuckDB	8	32	16	19	0.855952262878418
DuckDB	8	32	16	20	0.9164972305297852
DuckDB	8	32	16	21	2.2574191093444824
DuckDB	8	32	16	22	0.3067772388458252
Hyper	8	32	16	1	0.6377341747283936
Hyper	8	32	16	2	0.1621685028076172
Hyper	8	32	16	3	0.3479349613189697
Hyper	8	32	16	4	0.2667887210845947
Hyper	8	32	16	5	0.33591365814208984
Hyper	8	32	16	6	0.020940303802490234
Hyper	8	32	16	7	0.4719808101654053
Hyper	8	32	16	8	0.3179585933685303
Hyper	8	32	16	9	0.9940340518951416
Hyper	8	32	16	10	0.5397233963012695
Hyper	8	32	16	11	0.10085749626159668
Hyper	8	32	16	12	0.13691306114196777
Hyper	8	32	16	13	2.5760273933410645
Hyper	8	32	16	14	0.08965897560119629
Hyper	8	32	16	15	0.11674332618713379
Hyper	8	32	16	16	0.31255149841308594
Hyper	8	32	16	17	0.2591419219970703
Hyper	8	32	16	18	1.5077016353607178
Hyper	8	32	16	19	0.25198936462402344
Hyper	8	32	16	20	0.09027242660522461
Hyper	8	32	16	21	0.7323346138000488
Hyper	8	32	16	22	0.2039957046508789
Hyper	8	32	16	1	0.5654997825622559
Hyper	8	32	16	2	0.14553380012512207
Hyper	8	32	16	3	0.2974050045013428
Hyper	8	32	16	4	0.21437931060791016
Hyper	8	32	16	5	0.3059399127960205
Hyper	8	32	16	6	0.020345211029052734
Hyper	8	32	16	7	0.3218705654144287
Hyper	8	32	16	8	0.17628002166748047
Hyper	8	32	16	9	1.0129168033599854
Hyper	8	32	16	10	0.34090352058410645
Hyper	8	32	16	11	0.0915517807006836
Hyper	8	32	16	12	0.11806654930114746
Hyper	8	32	16	13	2.3123178482055664
Hyper	8	32	16	14	0.09626603126525879
Hyper	8	32	16	15	0.10601925849914551
Hyper	8	32	16	16	0.2814624309539795
Hyper	8	32	16	17	0.25346851348876953
Hyper	8	32	16	18	1.294898271560669
Hyper	8	32	16	19	0.2160794734954834
Hyper	8	32	16	20	0.08642053604125977
Hyper	8	32	16	21	0.667557954788208
Hyper	8	32	16	22	0.1841437816619873
Hyper	8	32	16	1	0.5626366138458252
Hyper	8	32	16	2	0.13584494590759277
Hyper	8	32	16	3	0.2891697883605957
Hyper	8	32	16	4	0.2256162166595459
Hyper	8	32	16	5	0.2975482940673828
Hyper	8	32	16	6	0.020426511764526367
Hyper	8	32	16	7	0.3216676712036133
Hyper	8	32	16	8	0.15922975540161133
Hyper	8	32	16	9	0.9720172882080078
Hyper	8	32	16	10	0.3502676486968994
Hyper	8	32	16	11	0.12124252319335938
Hyper	8	32	16	12	0.09803915023803711
Hyper	8	32	16	13	2.356048583984375
Hyper	8	32	16	14	0.08762383460998535
Hyper	8	32	16	15	0.10210132598876953
Hyper	8	32	16	16	0.2778446674346924
Hyper	8	32	16	17	0.22481727600097656
Hyper	8	32	16	18	1.3550865650177002
Hyper	8	32	16	19	0.20222949981689453
Hyper	8	32	16	20	0.08689999580383301
Hyper	8	32	16	21	0.6713829040527344
Hyper	8	32	16	22	0.185530424118042
DuckDB	8	32	32	1	2.5345096588134766
DuckDB	8	32	32	2	0.2781643867492676
DuckDB	8	32	32	3	1.3453714847564697
DuckDB	8	32	32	4	1.9920620918273926
DuckDB	8	32	32	5	1.4239673614501953
DuckDB	8	32	32	6	0.43473100662231445
DuckDB	8	32	32	7	3.1150453090667725
DuckDB	8	32	32	8	1.3098528385162354
DuckDB	8	32	32	9	5.317298650741577
DuckDB	8	32	32	10	2.445072889328003
DuckDB	8	32	32	11	0.11206626892089844
DuckDB	8	32	32	12	0.9297709465026855
DuckDB	8	32	32	13	2.769066095352173
DuckDB	8	32	32	14	0.7668519020080566
DuckDB	8	32	32	15	1.123000144958496
DuckDB	8	32	32	16	0.4445686340332031
DuckDB	8	32	32	17	8.723349809646606
DuckDB	8	32	32	18	7.0286030769348145
DuckDB	8	32	32	19	1.7771880626678467
DuckDB	8	32	32	20	1.8074183464050293
DuckDB	8	32	32	21	4.92410683631897
DuckDB	8	32	32	22	0.7355072498321533
DuckDB	8	32	32	1	1.4984736442565918
DuckDB	8	32	32	2	0.26000404357910156
DuckDB	8	32	32	3	1.2223589420318604
DuckDB	8	32	32	4	1.4171972274780273
DuckDB	8	32	32	5	1.2880165576934814
DuckDB	8	32	32	6	0.4344217777252197
DuckDB	8	32	32	7	3.0707385540008545
DuckDB	8	32	32	8	1.0831782817840576
DuckDB	8	32	32	9	5.318404912948608
DuckDB	8	32	32	10	2.2892253398895264
DuckDB	8	32	32	11	0.135634183883667
DuckDB	8	32	32	12	0.9699983596801758
DuckDB	8	32	32	13	3.0179831981658936
DuckDB	8	32	32	14	0.7734372615814209
DuckDB	8	32	32	15	1.1627860069274902
DuckDB	8	32	32	16	0.45456433296203613
DuckDB	8	32	32	17	7.7130327224731445
DuckDB	8	32	32	18	6.484713554382324
DuckDB	8	32	32	19	1.721904993057251
DuckDB	8	32	32	20	1.7922258377075195
DuckDB	8	32	32	21	4.321413278579712
DuckDB	8	32	32	22	0.5710673332214355
DuckDB	8	32	32	1	1.4964711666107178
DuckDB	8	32	32	2	0.2554037570953369
DuckDB	8	32	32	3	1.220097541809082
DuckDB	8	32	32	4	1.3431897163391113
DuckDB	8	32	32	5	1.2703652381896973
DuckDB	8	32	32	6	0.4382467269897461
DuckDB	8	32	32	7	3.038599967956543
DuckDB	8	32	32	8	1.140702724456787
DuckDB	8	32	32	9	5.192510604858398
DuckDB	8	32	32	10	2.2303922176361084
DuckDB	8	32	32	11	0.1114652156829834
DuckDB	8	32	32	12	0.9371840953826904
DuckDB	8	32	32	13	2.6454834938049316
DuckDB	8	32	32	14	0.771245002746582
DuckDB	8	32	32	15	1.1477997303009033
DuckDB	8	32	32	16	0.46711134910583496
DuckDB	8	32	32	17	7.741635799407959
DuckDB	8	32	32	18	6.320409297943115
DuckDB	8	32	32	19	1.788513422012329
DuckDB	8	32	32	20	1.8728435039520264
DuckDB	8	32	32	21	4.459226846694946
DuckDB	8	32	32	22	0.5936086177825928
Hyper	8	32	32	1	2.1352224349975586
Hyper	8	32	32	2	0.16181492805480957
Hyper	8	32	32	3	1.2493906021118164
Hyper	8	32	32	4	0.9360353946685791
Hyper	8	32	32	5	1.0351448059082031
Hyper	8	32	32	6	0.040601491928100586
Hyper	8	32	32	7	0.9987294673919678
Hyper	8	32	32	8	0.7293450832366943
Hyper	8	32	32	9	2.756460666656494
Hyper	8	32	32	10	1.2063822746276855
Hyper	8	32	32	11	0.1278684139251709
Hyper	8	32	32	12	0.23014140129089355
Hyper	8	32	32	13	7.109061002731323
Hyper	8	32	32	14	0.17719411849975586
Hyper	8	32	32	15	0.231889009475708
Hyper	8	32	32	16	0.5833320617675781
Hyper	8	32	32	17	0.4816310405731201
Hyper	8	32	32	18	3.8162343502044678
Hyper	8	32	32	19	0.7968082427978516
Hyper	8	32	32	20	0.339587926864624
Hyper	8	32	32	21	2.7017998695373535
Hyper	8	32	32	22	0.8815085887908936
Hyper	8	32	32	1	1.955533504486084
Hyper	8	32	32	2	0.19556355476379395
Hyper	8	32	32	3	1.103208065032959
Hyper	8	32	32	4	0.5747909545898438
Hyper	8	32	32	5	0.7436490058898926
Hyper	8	32	32	6	0.03942108154296875
Hyper	8	32	32	7	0.6308073997497559
Hyper	8	32	32	8	0.35834646224975586
Hyper	8	32	32	9	2.2507879734039307
Hyper	8	32	32	10	0.7020177841186523
Hyper	8	32	32	11	0.10355830192565918
Hyper	8	32	32	12	0.17435264587402344
Hyper	8	32	32	13	4.695756673812866
Hyper	8	32	32	14	0.16283059120178223
Hyper	8	32	32	15	0.21790528297424316
Hyper	8	32	32	16	0.5260148048400879
Hyper	8	32	32	17	0.4630284309387207
Hyper	8	32	32	18	3.074323892593384
Hyper	8	32	32	19	0.4021143913269043
Hyper	8	32	32	20	0.14259672164916992
Hyper	8	32	32	21	1.441734790802002
Hyper	8	32	32	22	0.45633721351623535
Hyper	8	32	32	1	1.1273863315582275
Hyper	8	32	32	2	0.10781741142272949
Hyper	8	32	32	3	0.6609339714050293
Hyper	8	32	32	4	0.5559976100921631
Hyper	8	32	32	5	0.6997072696685791
Hyper	8	32	32	6	0.039504051208496094
Hyper	8	32	32	7	0.6315419673919678
Hyper	8	32	32	8	0.3585994243621826
Hyper	8	32	32	9	2.2283968925476074
Hyper	8	32	32	10	0.6916019916534424
Hyper	8	32	32	11	0.10273623466491699
Hyper	8	32	32	12	0.17629575729370117
Hyper	8	32	32	13	4.734140872955322
Hyper	8	32	32	14	0.15759563446044922
Hyper	8	32	32	15	0.20983362197875977
Hyper	8	32	32	16	0.5281615257263184
Hyper	8	32	32	17	0.4486420154571533
Hyper	8	32	32	18	2.8625566959381104
Hyper	8	32	32	19	0.3989262580871582
Hyper	8	32	32	20	0.14838266372680664
Hyper	8	32	32	21	1.4576661586761475
Hyper	8	32	32	22	0.4553232192993164
DuckDB	8	32	64	1	5.914543390274048
DuckDB	8	32	64	2	0.7750916481018066
DuckDB	8	32	64	3	3.1369104385375977
DuckDB	8	32	64	4	4.203437805175781
DuckDB	8	32	64	5	3.251983880996704
DuckDB	8	32	64	6	1.0044794082641602
DuckDB	8	32	64	7	6.767012119293213
DuckDB	8	32	64	8	3.091721534729004
DuckDB	8	32	64	9	10.65207839012146
DuckDB	8	32	64	10	4.695037841796875
DuckDB	8	32	64	11	0.2567863464355469
DuckDB	8	32	64	12	1.9642493724822998
DuckDB	8	32	64	13	6.322752475738525
DuckDB	8	32	64	14	1.6913397312164307
DuckDB	8	32	64	15	2.3814473152160645
DuckDB	8	32	64	16	1.2025022506713867
DuckDB	8	32	64	17	25.23042583465576
DuckDB	8	32	64	18	13.448845863342285
DuckDB	8	32	64	19	4.14252495765686
DuckDB	8	32	64	20	4.360203504562378
DuckDB	8	32	64	21	12.421985864639282
DuckDB	8	32	64	22	1.4288015365600586
DuckDB	8	32	64	1	3.7120201587677
DuckDB	8	32	64	2	0.9540953636169434
DuckDB	8	32	64	3	2.7631523609161377
DuckDB	8	32	64	4	3.7217934131622314
DuckDB	8	32	64	5	3.0943691730499268
DuckDB	8	32	64	6	1.0409629344940186
DuckDB	8	32	64	7	6.200676918029785
DuckDB	8	32	64	8	2.8935184478759766
DuckDB	8	32	64	9	10.745393753051758
DuckDB	8	32	64	10	4.710387229919434
DuckDB	8	32	64	11	0.31715846061706543
DuckDB	8	32	64	12	1.9236664772033691
DuckDB	8	32	64	13	6.142877101898193
DuckDB	8	32	64	14	1.583219289779663
DuckDB	8	32	64	15	2.3721721172332764
DuckDB	8	32	64	16	1.2060601711273193
DuckDB	8	32	64	17	17.38577961921692
DuckDB	8	32	64	18	13.724332332611084
DuckDB	8	32	64	19	4.119473934173584
DuckDB	8	32	64	20	5.416966915130615
DuckDB	8	32	64	21	12.093440294265747
DuckDB	8	32	64	22	1.5279366970062256
DuckDB	8	32	64	1	4.102254867553711
DuckDB	8	32	64	2	1.0505518913269043
DuckDB	8	32	64	3	2.7942967414855957
DuckDB	8	32	64	4	3.388023614883423
DuckDB	8	32	64	5	3.0258076190948486
DuckDB	8	32	64	6	1.013124704360962
DuckDB	8	32	64	7	6.214638948440552
DuckDB	8	32	64	8	2.979952573776245
DuckDB	8	32	64	9	10.80068302154541
DuckDB	8	32	64	10	4.69379448890686
DuckDB	8	32	64	11	0.26002001762390137
DuckDB	8	32	64	12	1.966090440750122
DuckDB	8	32	64	13	6.238917112350464
DuckDB	8	32	64	14	1.558265209197998
DuckDB	8	32	64	15	2.4261631965637207
DuckDB	8	32	64	16	1.2097885608673096
DuckDB	8	32	64	17	21.64828372001648
DuckDB	8	32	64	18	14.755474328994751
DuckDB	8	32	64	19	4.2147345542907715
DuckDB	8	32	64	20	4.609940528869629
DuckDB	8	32	64	21	11.463934183120728
DuckDB	8	32	64	22	1.2986221313476562
Hyper	8	32	64	1	4.543137073516846
Hyper	8	32	64	2	0.3192305564880371
Hyper	8	32	64	3	3.121929407119751
Hyper	8	32	64	4	2.1094837188720703
Hyper	8	32	64	5	2.3624627590179443
Hyper	8	32	64	6	0.08510017395019531
Hyper	8	32	64	7	2.1112020015716553
Hyper	8	32	64	8	1.5933799743652344
Hyper	8	32	64	9	5.592331409454346
Hyper	8	32	64	10	2.3535149097442627
Hyper	8	32	64	11	0.25524020195007324
Hyper	8	32	64	12	0.6458842754364014
Hyper	8	32	64	13	18.292848587036133
Hyper	8	32	64	14	0.3611752986907959
Hyper	8	32	64	15	0.5156652927398682
Hyper	8	32	64	16	1.3087074756622314
Hyper	8	32	64	17	1.3845901489257812
Hyper	8	32	64	18	11.58944296836853
Hyper	8	32	64	19	0.8700549602508545
Hyper	8	32	64	20	0.36582207679748535
Hyper	8	32	64	21	3.029674768447876
Hyper	8	32	64	22	1.0480260848999023
Hyper	8	32	64	1	2.4319818019866943
Hyper	8	32	64	2	0.22774815559387207
Hyper	8	32	64	3	1.49527907371521
Hyper	8	32	64	4	1.3771963119506836
Hyper	8	32	64	5	1.649515151977539
Hyper	8	32	64	6	0.07656502723693848
Hyper	8	32	64	7	1.2856342792510986
Hyper	8	32	64	8	0.78887939453125
Hyper	8	32	64	9	4.847462177276611
Hyper	8	32	64	10	1.422762155532837
Hyper	8	32	64	11	0.1958913803100586
Hyper	8	32	64	12	0.5920510292053223
Hyper	8	32	64	13	9.418060779571533
Hyper	8	32	64	14	0.31919217109680176
Hyper	8	32	64	15	0.5185403823852539
Hyper	8	32	64	16	1.3771576881408691
Hyper	8	32	64	17	1.2668755054473877
Hyper	8	32	64	18	6.74708104133606
Hyper	8	32	64	19	0.8204591274261475
Hyper	8	32	64	20	0.32245492935180664
Hyper	8	32	64	21	2.9691107273101807
Hyper	8	32	64	22	0.9795482158660889
Hyper	8	32	64	1	2.269082546234131
Hyper	8	32	64	2	0.21321654319763184
Hyper	8	32	64	3	1.483921766281128
Hyper	8	32	64	4	1.3980090618133545
Hyper	8	32	64	5	1.574781894683838
Hyper	8	32	64	6	0.07505106925964355
Hyper	8	32	64	7	1.3022983074188232
Hyper	8	32	64	8	0.7831058502197266
Hyper	8	32	64	9	4.7281129360198975
Hyper	8	32	64	10	1.537384271621704
Hyper	8	32	64	11	0.19463825225830078
Hyper	8	32	64	12	0.5474565029144287
Hyper	8	32	64	13	9.508968830108643
Hyper	8	32	64	14	0.32807350158691406
Hyper	8	32	64	15	0.5044574737548828
Hyper	8	32	64	16	1.1927688121795654
Hyper	8	32	64	17	1.187537670135498
Hyper	8	32	64	18	6.6888427734375
Hyper	8	32	64	19	0.8205199241638184
Hyper	8	32	64	20	0.2883598804473877
Hyper	8	32	64	21	2.967808723449707
Hyper	8	32	64	22	1.0139029026031494